spec_hash,count,functions
e99a0a81d2e8609935191d992cb4bb1804fbfcc637573fc61720997fa747950a,27,initialize mint set_admin allowance approve balance transfer transfer_from burn burn_from decimals name symbol
b4c89b13a7605bd46a2a7d2591233c949324176b085192753faf5345b19fe2ae,25,get_admin initialize mint set_admin allowance approve balance transfer transfer_from burn burn_from decimals name symbol
2cf24dba5fb0a30e26e83b2ac5b9e29e1b161e5c1fa7425e73043362938b9824,24,hello
b7fb589c52a3b0b6735c6b5568dc716f7fbe111d005e771351123992612b1ca8,21,sum sub mul div last_op get_op all_op
f679230253e596b02442b1ca20083da5efd7bf5dfe48a9814afb6fe8ebe58bc9,20,increment
7a04d2062707e08016c1e22dce117828b8a9e0413c824fe3ad2b6f4bdb624f28,16,__constructor update resolve upgrade __check_auth
1dd8272b907213ccf489f87b178382d682fea3c79b7904532f613b7b54feb0c1,14,initialize execute withdraw
1b375ad4f3f0489cb6ce6bfd8bde218db2e60be2c764bdcafa9358c38280cafc,12,initialize execute withdraw __check_auth
582bf9bebeed4ce75c1c69b0c8a693dd918794157ce54543f497eede0417e04d,12,init enable_protocol update_contract swap withdraw
7bb6c39341e1afb6c97626d467db789b18fc0fe68de42b0d7593b7194751a663,12,a get_virtual_price calc_token_amount get_dy get_dy_underlying remove_liquidity_imbalance calc_withdraw_one_coin withdraw_one_coin ramp_a stop_ramp_a commit_new_fee apply_new_fee revert_new_parameters commit_transfer_ownership apply_transfer_ownership revert_transfer_ownership admin_balances withdraw_admin_fees donate_admin_fees kill_me unkill_me initialize_all pool_type initialize get_fee_fraction get_admin_fee share_id get_reserves get_tokens deposit swap estimate_swap withdraw get_info version upgrade initialize_rewards_config set_rewards_config get_rewards_info get_user_reward claim set_pools_plane get_pools_plane
58b1dfed4cb79ed8efc3f27d2aefdaab43845aaee25fee78f3938eed8f9eedbc,11,initialize_all pool_type initialize share_id get_tokens deposit swap estimate_swap withdraw get_reserves get_fee_fraction get_info initialize_rewards_config set_rewards_config get_rewards_info get_user_reward claim set_pools_plane get_pools_plane
b7bd55c11b781b0ccc43aa6e57f9dadf0660e9d1d4e27e0979ee43a407d454ae,11,deploy
8d86f6f0da623cb89c2d37e44aac3ac58d4b6c72dfaac5f9f95d4f4666b44f75,10,init mint add_liquidity_invoke set_admin upgrade allowance approve balance transfer transfer_from burn burn_from decimals name symbol
bfa1b9bf5fd7af9adaf6314b179d390d76ba579067cae92756cd5e45da00ecfb,10,initialize provide_liquidity swap withdraw_liquidity update_config upgrade query_config query_share_token_address query_stake_contract_address query_pool_info query_pool_info_for_factory simulate_swap simulate_reverse_swap query_share query_total_issued_lp update
13a855a753a88b2a111504a41b8a0206da83a83de3c860a27b9a7b068a5f330a,9,init mint add_liquidity_invoke swap_invoke set_admin upgrade allowance approve balance transfer transfer_from burn burn_from decimals name symbol
2706c619fe73f0cf112473c6ee02e66c04e1c01c110b0c37b88d8eb509630c9f,8,exec
5b45a2f4ccddbec804a2dd1f7fa2815f1ea4e30e530a6031a8b46067b7c8748e,8,__constructor update resolve upgrade
6b80c6d0eea4da650e27d02bcc26701395e319bd3ef986d3982981562588db3e,8,initialize swap_exact_tokens_for_tokens swap_tokens_for_exact_tokens get_protocol_id get_protocol_address
8eaec1cbb8b05e7fccd8b8fda2edfb8d332af76b7661e70502311b2e18fd4d5c,8,init enable_protocol update_contract strict_send
ac5d49297eba0f38caa1993314f824ad6a9df81295a7e2bba30969ff0a4428da,8,resolution price prices base decimals assets lastprice initialize block unblock set_admin
e649af92bcd05d18f60d5420da000f6096181d7d5055f2652ee80bd0f13a7fdd,8,plant work harvest __constructor upgrade pause unpause remove_block __check_auth
ef126be1af18a25bf4fff48b595ed3f755a1ed3232f55e39b16386a2a5faf338,8,init enable_protocol update_contract strict_send strict_receive
5490d3a3d42813022619e4c22d672449068b328571f41a82dec5ada793668299,7,init_admin set_pools_plane get_pools_plane get_liquidity version commit_upgrade apply_upgrade revert_upgrade set_emergency_mode get_emergency_mode commit_transfer_ownership apply_transfer_ownership revert_transfer_ownership get_future_address
60a886521edb4bb22380c1a35cdc608a3ccf335f7c4378128263aabb880639c1,7,init deposit withdraw_with_sig withdraw_with_account set_user_account swap_tokens_with_sig get_nonce get_balance upgrade
7e9e5ac30f2216fd0fd6f5faed316f2d5983361a4203c3330cfa46ef65bb4767,7,add
8dd1c9138d1229b3b8acfbce7f8cd9f8298c04eae5d8c5d88a1b4e30b0d6f79c,7,__constructor mint set_admin allowance approve balance transfer transfer_from burn burn_from decimals name symbol
a63022564044669506e7522e18d0e28d530cf06d603f17156ede6907b1013a93,7,init_admin set_pools_plane get_pools_plane estimate_swap version upgrade
acba25512100f80b56fc3ccd14c65be55d94800cda77585c5f41a887e398f9be,7,run
be50e45f11b30e305d3abfd479be50c8d63691fdaeb0ec93bf7e98921e6d1b33,7,set_adm upgrade set_maps strict_send
d57adc309b18be013ee28677d45fb1577d5fd305efcb5f196dff7aa9e4f431f2,7,initialize bond unbond create_distribution_flow distribute_rewards withdraw_rewards query_config query_admin query_staked query_total_staked query_total_staked_history query_reward_history query_withdrawable_rewards update
efc2b85afb220bb4bb57e45f7c737db42042e5d9195ef47071eef162ec298097,7,init deposit withdraw_with_sig withdraw_with_account set_user_account swap_tokens get_nonce get_balance upgrade
f29225a0c5ffd49a12b88ca0c7fd7432bcf394dcfae896ab467bc00a64e9a470,7,initialize update_adapters remove_adapter set_pause set_admin upgrade swap_exact_tokens_for_tokens swap_tokens_for_exact_tokens get_admin get_adapters get_paused get_version
02fdd7a6cc8c3dec1b2f354539268d9604afbb9e2e4cb2bcf2dda96d3c0ff2a1,6,initialize upgrade version get_user unlock_tokens claim_vested sp_stake sp_unstake sp_lock_shares staking_new_campaign staking_change_tier_price staking_unlock_tier staking_extend_tier staking_stake staking_unstake staking_claim staking_claim_remaining_rewards staking_get_campaign airdrop_new_campaign airdrop_participate airdrop_claim airdrop_get_campaign
10760a8accc50ee8b344d8d852e3556dd7df649910d9963fd3c23d591527c4c6,6,__constructor add_signer update_signer remove_signer update_contract_code __check_auth
608610a3bd6b0cd6574632dc18804736c3bd4567ffe742bd4e959f3b26eea987,6,initialize mint allowance approve balance transfer transfer_from burn burn_from decimals name symbol version upgrade commit_transfer_ownership apply_transfer_ownership revert_transfer_ownership get_future_address
68e59af3e372537e967f8402c07539f37afd3c16592911ae1b9effec61e50fda,6,upgrade init keeper claim_fee deposit balance withdraw
b4754ec6f74f7bb4da803fef1952d420513385769c987b38d7f5aec50d2ec322,6,require_payment
bd57569c21e2172366d66598781a2ea33ecbed0ca721ba4d0b356dc34fed1c30,6,initialize deposit user_balance get_pool get_pools balance_of hello
017322de0fdc8fa36b86b2b5eb304fa5f7fb662f5f7c575f61b7e7fa4c62c551,5,__constructor asset deposit harvest withdraw balance set_keeper get_keeper
1589fc24c9c393aff14758ca3e4b2f4bde78be8f77b822a15bc226c93d00aa09,5,initialize bond unbond create_distribution_flow distribute_rewards withdraw_rewards query_config query_admin query_staked query_total_staked query_total_staked_history query_reward_history query_withdrawable_rewards pending update
172e6284c911067f0d7a4c48da8417182dd2c53460ef16fccb963791ff11c48b,5,say_hi
2a96a15b3e8f3814b2635ce2b79784f573b2f0056e7036c45f4b0c12881ed674,5,init_admin set_pools_plane get_pools_plane get_liquidity
2cfe744047a869d5d407580b30a21c9492dee5262231d1df88bc3628f68ac9a9,5,__constructor set_swap_fee_contract_wasm deploy_swap_fee_contract version commit_upgrade apply_upgrade revert_upgrade set_emergency_mode get_emergency_mode commit_transfer_ownership apply_transfer_ownership revert_transfer_ownership get_future_address
2d38705e3db57d4c297489c200f65710463dc5f78d5a667834e1d3e3cd699376,5,update get
46253724ca79c43311747599776d8d8739a343a08589769b20f4b3826f56b2a4,5,init update_admin execute multi_arb upgrade
49fe509d3d821b4050c1ccb150273955a13b3dcd45a90d6ce234106f4092d4ab,5,swap_exact_soroswap setup_soroswap_id upgrade
4fc9aab6b42e266a47660ee5ac405b899859de35a54eb51dbf8d748bf15f2d51,5,initialize deposit user_balance get_pools balance_of hello
5b391c659db570725732ee5769325139c288b4b783d83f357c336e7323183969,5,init_admin update get version commit_upgrade apply_upgrade revert_upgrade set_emergency_mode get_emergency_mode commit_transfer_ownership apply_transfer_ownership revert_transfer_ownership get_future_address
637e5359acd586bc34f11bb75bc4a012b1454e1aa625d487eccc59e50474940c,5,initialize set_admin lock release
7ecbee9a427e44aa6331519e00f4eeeab74f9fdbef91dfde3bcb0b2484ccd368,5,__constructor get_max_swap_fee_fraction get_router get_fee_destination claim_fees claim_fees_and_swap swap_chained swap_chained_strict_receive
9d0e5f94a02f84ec485e7c336417fa7c45d028c506aff8f5561cd56c8c37e821,5,initialize bond unbond create_distribution_flow distribute_rewards withdraw_rewards query_config query_admin query_staked query_total_staked query_withdrawable_rewards update
a7668ae93bcaa6490a0df758678ec810be2aef5bf9e50b3fe66623035db64615,5,s u w a b
af5f22d09e0c222ca39b1808c3e30570ddf3cbabff166b731a572afd8138158f,5,init change_owner upgrade decimals description feed_id read_price read_timestamp read_price_and_timestamp read_price_data
bc1654edd8e7223beee24b3e2da1a9deab001975097ee10a8168f22fd8fa81cc,5,s u w a b c
c86449274fbdfafea8fe4725cc87b87f76fda8a116776ab10bd9b86ca16aa193,5,constructor set_owner owner_withdraw increase_instant_ttl clear_deposit set_public_key withdraw deposit get_deposit get_public_key is_executed get_owner hot_verify
fc32326cdcf49b682d7ee441b4c95e3972f1641f15fefe431792537eb2ddcbe5,5,initialize deposit
fe27b9a5102d66d570ef4b8831e1182a9472d65fa68b77a854175af3bb8871c0,5,plant work harvest homestead upgrade pause unpause remove_block __check_auth
101fdea57bcc79bde2bf1f60668d7bfb8a57a485f55ff38b407398b2620b6007,4,initialize allow_debit request_payment config_whitelist
17a7c4ca45387ca342304268eceeec4ce0f88f794c66a0ec8066b6c2c5155f14,4,initialize get_expected_amount swap get_config version upgrade
2ff0610f9edd8912bea82884428c287210cbeb2a06f65d184bc557becadb665b,4,init_admin version commit_upgrade apply_upgrade revert_upgrade set_emergency_mode get_emergency_mode commit_transfer_ownership apply_transfer_ownership revert_transfer_ownership get_future_address
38cc58d6b0dc989b162c80be24516a5ec8a3d01ebebf6c7bec0164fcd93e606d,4,init deposit_and_lock release
3d87add5d7a37c6a752f3f84da660d7f3db9318e08115a30d7de543dfbebbda4,4,initialize create_transaction_proposal create_update_proposal sign_proposal execute_proposal query_multisig_info query_multisig_members query_proposal query_signatures query_last_proposal_id query_all_proposals is_proposal_ready
4a8f97a2adbc6e5c455e13d4216eb8ddb41ae591286f4b44e1b39e0d1689f605,4,__constructor set_total_supply total_supply set_privileged_addrs get_privileged_addrs commit_transfer_ownership apply_transfer_ownership revert_transfer_ownership get_future_address version commit_upgrade apply_upgrade revert_upgrade set_emergency_mode get_emergency_mode
5ed66f51e5ace83273d2ae1c33f7c8ce675d22df931052f0844b0f40beb4f48b,4,initialize update upgrade colors_mine colors_transfer color_balance glyph_mint glyph_transfer glyph_scrape glyph_get offer_post offer_delete offers_get
608fd339e495bbf127a1d6695b84e463b6e1c5738ac34bd8fcfc054b2641cb7a,4,initialize set_huma_config set_contract_addrs set_storage_contract_addrs set_pool_name set_pool_owner set_pool_owner_treasury set_evaluation_agent set_tranche_addresses set_admin_rnr set_pool_settings set_lp_config set_fee_structure set_tranches_policy_type add_pool_operator remove_pool_operator enable_pool disable_pool close_pool close_epoch withdraw_protocol_fees withdraw_pool_owner_fees withdraw_ea_fees upgrade
6271bc0d61da6fc6be2f201789a17d84dc56b234927bf47ed644ab129f7d72e0,4,initialize set_huma_config set_contract_addrs distribute_profit distribute_loss distribute_loss_recovery upgrade get_protocol_income_accrued get_pool_owner_income_accrued get_ea_income_accrued
6514af401c2f5d64a327659d34e4bc069dfd637449be0d9b39de3e0b4d364ca8,4,get_price
6cc8319a4c1095991ea694f93fb24d343eeef6ba86a8027886126698b318772a,4,initialize swap_and_bridge receive_tokens swap stop_swap start_swap set_gas_oracle set_stop_authority set_rebalancer set_messenger set_gas_usage register_bridge add_bridge_token remove_bridge_token add_pool withdraw_gas_tokens withdraw_bridging_fee_in_tokens has_processed_message has_received_message get_pool_address get_config get_stop_authority get_transaction_cost get_gas_usage get_admin get_gas_oracle get_another_bridge set_admin upgrade
7a8d00e47561104495fc1ebd63cafa82a535abd6bb013418c04547d550238d9e,4,init_admin set_pools_plane get_pools_plane get_liquidity version upgrade
839c78120ae56df7d2f9855eb30cecf83879be5ef4e046e2381e314654bd6d63,4,initialize_all pool_type initialize share_id get_total_shares get_tokens deposit swap estimate_swap withdraw get_reserves get_fee_fraction get_info kill_deposit kill_swap kill_claim unkill_deposit unkill_swap unkill_claim get_is_killed_deposit get_is_killed_swap get_is_killed_claim version upgrade initialize_rewards_config set_rewards_config get_rewards_info get_user_reward get_total_accumulated_reward get_total_configured_reward get_total_claimed_reward claim init_pools_plane set_pools_plane get_pools_plane backfill_plane_data
8945ce87706b5b8d243e28debefb45d945b9c9babaa434e7ff029b2ceb8282ac,4,init upgrade set_admin set_manager set_pool clone_pool toggle_pool remove_pool migrate_deposits deposit withdraw distribute
a71aa43612c296f95bcb38faf5c37d9fb2e076d76b02b065618bdf30b1e93114,4,initialize_all pool_type initialize share_id get_total_shares get_tokens deposit swap estimate_swap withdraw get_reserves get_fee_fraction get_info set_privileged_addrs get_privileged_addrs kill_deposit kill_swap kill_claim unkill_deposit unkill_swap unkill_claim get_is_killed_deposit get_is_killed_swap get_is_killed_claim version commit_upgrade apply_upgrade revert_upgrade set_emergency_mode get_emergency_mode upgrade_token_legacy initialize_rewards_config set_rewards_config get_unused_reward return_unused_reward get_rewards_info get_user_reward checkpoint_reward get_total_accumulated_reward get_total_configured_reward get_total_claimed_reward claim init_pools_plane set_pools_plane get_pools_plane backfill_plane_data commit_transfer_ownership apply_transfer_ownership revert_transfer_ownership get_future_address
b3b980704f84590e89325c4dd0cc8e0ef57a24444728d81103064679f6b1b999,4,init update_admin execute yeet upgrade
b3de0abbd20f55e49011165806532045bb9a666a234edb05e2861a141e0193ab,4,init deploy
c6ce8048b3632862039fdeb17412fc1324b883cad094cc0f1132fd2a7a77edd9,4,init change_owner upgrade get_prices write_prices read_prices read_timestamp read_price_data_for_feed read_price_data unique_signer_threshold
cb1872c97099daa62e0c5ad3a304b905fb5b1554e2fdfcb07e22c1a9278e4d7c,4,initialize set_contract_addrs set_credit_config set_credit_record set_due_detail set_borrower upgrade get_credit_hash get_credit_config get_credit_record get_due_detail get_borrower require_borrower
cbd2ab3076ecd34ab3a88b8bb1bb84cd509fa7a19d85c029c3760773e63009cf,4,initialize set_contract_addrs set_huma_config set_pool_owner set_pool_owner_treasury set_evaluation_agent set_tranche_addresses set_pool_operator set_pool_status set_epoch set_admin_rnr set_pool_settings set_lp_config set_fee_structure set_tranches_policy_type send_tokens add_tranche_assets reduce_tranche_assets update_assets update_admin_fees_reserve distribute_profit_to_tranches refresh_yield_tracker upgrade get_huma_owner get_pool_owner get_pool_owner_treasury get_evaluation_agent get_sentinel get_underlying_token get_available_balance get_pool_status get_pool_settings get_lp_config get_fee_structure get_admin_rnr get_current_epoch get_tranche_assets_by_addr get_tranche_assets get_tranche_addresses is_pool_owner_or_huma_owner is_pool_operator is_protocol_and_pool_on check_liquidity_requirements check_pool_owner_liquidity_req check_ea_liquidity_req get_pool_owner_min_liquidity_req get_ea_min_liquidity_req
dfafea07a05d636b24a12c5abb13fc117fe42ae4ed5e6aa75c27f1ebbd2148ce,4,initialize set_huma_owner set_huma_treasury set_sentinel set_liquidity_asset set_protocol_fee_bps pause_protocol unpause_protocol add_pauser remove_pauser upgrade get_huma_owner get_huma_treasury get_sentinel get_protocol_fee_bps is_pauser is_protocol_paused is_asset_valid
fada227f805b605714d80d4139444deabe33bb183ee164048a66fbc8bb1a24ab,4,a get_virtual_price calc_token_amount get_dy remove_liquidity_imbalance calc_withdraw_one_coin withdraw_one_coin set_privileged_addrs get_privileged_addrs ramp_a stop_ramp_a commit_new_fee apply_new_fee revert_new_parameters kill_deposit kill_swap kill_claim unkill_deposit unkill_swap unkill_claim get_is_killed_deposit get_is_killed_swap get_is_killed_claim initialize_all pool_type initialize get_fee_fraction share_id get_total_shares get_reserves get_tokens get_decimals deposit swap estimate_swap withdraw get_info version commit_upgrade apply_upgrade revert_upgrade set_emergency_mode get_emergency_mode upgrade_token_legacy initialize_rewards_config set_rewards_config get_unused_reward return_unused_reward get_rewards_info get_user_reward checkpoint_reward get_total_accumulated_reward get_total_configured_reward get_total_claimed_reward claim init_pools_plane set_pools_plane get_pools_plane backfill_plane_data commit_transfer_ownership apply_transfer_ownership revert_transfer_ownership get_future_address
fc36f0a5ee9ba23a6363ed6ddba28c62b77a4c11352aff943f57a41e2deb289b,4,__constructor harvest
0042607941d8effc8f5ff89a77736639d6996f534762f86d4c19fe659027768c,3,initialize bond unbond create_distribution_flow distribute_rewards withdraw_rewards query_config query_admin query_staked query_total_staked query_total_staked_history query_withdrawable_rewards update
01a243c0e4db1f587fb4c811434d48e6dbf164a779ece9864515762cda91de81,3,init change_owner upgrade get_prices write_prices read_prices read_timestamp read_price_data_for_feed read_price_data check_price_data unique_signer_threshold version
043a718774c572bd8a25adbeb1bfcd5c0256ae11cecf9f9c3f925d0e52beaf89,3,s
092c79e8f80e559e404bcf660c48f3522b67aba9ff1484b0367e1a4ddef7431d,3,echo
0c1698608122cbac356c7b622ff5ab823ee6664b22bacbc35c8981cfe7bd5777,3,init add_mica_white_paper get_data remove_document_data
15c14d2ade9754835be41449bc3282142518a118b091fc249e8bdec329a28e72,3,set_entry get_entry version init upgrade invest distribute_payout distribute_payouts
20299faa99ba9f61daa1ea7b3369fb611ebb2613a9d59a3b634b509c6b74c474,3,pool_type get_info get_pool share_id get_total_shares get_reserves deposit swap estimate_swap withdraw get_liquidity get_liquidity_calculator set_liquidity_calculator version commit_upgrade apply_upgrade revert_upgrade set_emergency_mode get_emergency_mode init_admin set_privileged_addrs get_privileged_addrs set_token_hash set_pool_hash set_stableswap_pool_hash configure_init_pool_payment get_init_pool_payment_token get_init_pool_payment_address get_stable_pool_payment_amount get_standard_pool_payment_amount set_reward_token get_rewards_config get_tokens_for_reward get_total_liquidity config_global_rewards fill_liquidity config_pool_rewards get_rewards_info get_user_reward get_total_accumulated_reward get_total_configured_reward get_total_claimed_reward get_total_outstanding_reward distribute_outstanding_reward claim init_standard_pool init_stableswap_pool get_pools remove_pool get_tokens_sets_count get_tokens get_pools_for_tokens_range set_pools_plane get_plane swap_chained commit_transfer_ownership apply_transfer_ownership revert_transfer_ownership get_future_address
2083c7f7ae21fd78e27be83a8e6a32696e690b5ca37f514853f07961e0cb1084,3,policy__
21aabca9ea78fdef77d9c998f0bdf118674833c39e7e9995f612791d537aa1b5,3,init lock_funds release_funds get_remaining_time get_memo
245f24f3a56e08a0eb782cc0928e7be24e683cce783e301a66ccf4170a2834e3,3,__constructor get_shares get_b_tokens get_underlying_tokens get_collected_fees get_pool get_reserve_vault set_fee_mode set_admin add_reserve_vault claim_emissions claim_fees deposit withdraw
26312a693872d915b7a4793a21e5a9dd54ca836b886bce3e42f2e96026cd8945,3,upload_vc set_revoke get_vc
2c72a7dad3eac0eb33e5c5cc5cb1567b3ad9d1c8fedb2c71916e7fdfd15dfe8f,3,__constructor s w
2ff34c2a495834d7ffd7d8c920317fa68f0bd6de44d0d2717fcd5aa5a173b006,3,pool_type get_info get_pool share_id get_total_shares get_reserves deposit swap estimate_swap withdraw get_liquidity get_liquidity_calculator set_liquidity_calculator version upgrade init_admin set_token_hash set_pool_hash set_stableswap_pool_hash configure_init_pool_payment set_reward_token get_rewards_config get_tokens_for_reward get_total_liquidity config_global_rewards fill_liquidity config_pool_rewards get_rewards_info get_user_reward get_total_accumulated_reward get_total_configured_reward get_total_claimed_reward claim init_pool init_standard_pool init_stableswap_pool get_pools remove_pool get_tokens_sets_count get_tokens get_pools_for_tokens_range set_pools_plane get_plane set_swap_router get_swap_router estimate_swap_routed swap_chained
31fb130ff3cf13c1b76ed226c136f77bcae90fa9a6b8eaed3910596124863b90,3,extend_ttl init claim_reward get_task_reward get_remaining_reward campaign_data
42b068f3f9d92166afdbdfdbe6f05e1daec6b42c4a6b8e3a08aca679cde8bc87,3,initialize set_admin get_admin cross_transfer handle_call_message is_initialized set_upgrade_authority upgrade extend_ttl allowance approve balance transfer transfer_from decimals name symbol
4368b95c7d6146e583235945984825d724f863f45b3bd60bf8d716e8fbba8cd0,3,total_supply set_vote_sequence get_past_total_supply get_votes get_past_votes get_delegate delegate initialize deposit withdraw claim set_emis balance decimals name symbol
4de96aec6b6131312e3712f3345c2f76584cbb5a1865c8b2814275288b92e3b1,3,deploy_huma_config deploy_pool_storage deploy_pool_manager deploy_pool deploy_credit_storage deploy_credit_manager deploy_credit deploy_tranche
4e60351e1f1a41cb493cf44c3bc1f88ab553ea6ca89d5e437ce356a7bfc6213e,3,s t
539fe2c5723d9cdddde646c6784363b127c762ffbb82028e4a2fad8062681c9b,3,initialize send_message receive_message set_gas_usage add_secondary_validator remove_secondary_validator set_primary_validator set_admin set_gas_oracle set_other_chain_ids withdraw_gas_tokens get_config has_sent_message has_received_message get_sent_message_sequence get_gas_usage get_transaction_cost get_admin get_gas_oracle upgrade
56bde2a6a15c7b969f7d9e8bd699f202703679ec0512ee138476f74c06924d25,3,initialize balance transfer total_supply
670b40acfede1fb26482fef822b69f097cdd63c457de53f2a3524d0c06881208,3,initialize update_rebalancing_min update_oracle setup_bridge_fee get_bridge_fee setup_cashback get_cashback get_claimable_cashback claim_cashback add_bridge_token add_liquidity remove_liquidity execute_evm_to_soroban_transfer transfer_soroban_to_evm execute_rebalancing get_protocol_token get_bridge_liquidity get_total_debit_at_transfer get_accumulated_fees get_airdrop_points withdraw_bridge_fee upgrade
6cd2cc003188405a3ce46aa7582942b131718e12558c9174c12fbee0d50b5429,3,initialize set_price set_admin get_gas_price get_price get_gas_cost_in_native_token get_transaction_gas_cost_in_usd crossrate get_admin upgrade
7d8812526efc61d73c6150ac3c8bf5856f48b262724fbd866de2d2d7ebc19641,3,set_entry remove_entry get_entry version init upgrade invest claim_earnings migrate_entries remove_zero_tvl_entries
7ed88aaecb3cc8a242c6ce1bb5dbaa7f2d635bad2eaaff87a81222c9cbf23cca,3,register_did check_authorize
7edb360f06acaef2cc80dba16cf563f199d347db4443da04da0c8173e3f9e4ed,3,call
82e44d6333d5db53781f88e8beacea8145ad0ae17fcc69e52ac63142e965cc40,3,initialize set_contract_addrs drawdown make_payment make_principal_payment upgrade get_due_info get_next_bill_refresh_date get_amt_available_for_drawdown
8919087aa298c443f1203e624a0258bfb6009e27c3d1f7da2063f87f8dc0c513,3,__constructor version upgrade admin set_admin add_ext_token remove_ext_token get_ext_tokens create_offer expire_offer get_offer accept_offer close_offer recipient
8f3022b69e241eecf7914959d6092062695b3601444c9919a9c06bb1c49094dd,3,fee_to fee_to_setter fees_enabled all_pairs_length get_pair all_pairs pair_exists initialize set_fee_to set_fee_to_setter set_fees_enabled create_pair
945be4b199bfff71f10007324a3ceaef7c2e451b664dd6542b5428c9f6bf85f4,3,total_supply allowance approve balance transfer transfer_from burn burn_from decimals name symbol __constructor deposit withdraw rescue pause_strategy unpause_strategy get_assets fetch_total_managed_funds get_asset_amounts_per_shares get_fees report set_fee_receiver get_fee_receiver set_manager get_manager set_emergency_manager get_emergency_manager set_rebalance_manager get_rebalance_manager upgrade rebalance lock_fees release_fees distribute_fees sort_tokens pair_for get_reserves_with_factory get_reserves_with_pair quote get_amount_out get_amount_in get_amounts_out get_amounts_in
a2e7f6c987dff233ed617f2751a8b110014d4740d53e0717fe11adc726e24c96,3,hello blend_test
a45db18fbed8d4ba13d865b56b192ac7c65ecbf0ac932cbde66982925e708e84,3,__constructor upgrade change_amin add_operator remove_operator deposit_lp deposit_2_lp deposit withdraw bid_interest
a536d01dca721b28916f855e57e21a8a8fbd675b93ceffbb11fedcd7880f8b70,3,__constructor update_admins migrate_single_artist create_competition delete_competition remove_artist remove_registered_artist upgrade vote fund_pot pay_winners submit_art update_submission_metadata add_artist_info update_artist_info get_active_competitions get_competition get_comp_artists get_pot get_min_vote_tokens get_winner get_artists get_artist_info get_vote_history has_registered has_voted check_voting_eligibility version get_admins
a796baacdf1695be06bcd00dada281d3604bc513e91b5d5ecadba4c6f8dafc8b,3,close open
a90ad4590a00b0665dac15ffb1f3fa92e3c776a386a1630bae07fd04f9f169f0,3,initialize set_percentage set_token set_strategy get_strategy set_strategy_status_expired set_strategy_status_completed get_apy accrue
ab0aa9f2446d6a5cf6c0add9329ffcc73e094a094c64d5c5c30a5842d14ef036,3,initialize bond unbond create_distribution_flow distribute_rewards withdraw_rewards fund_distribution query_config query_admin query_staked query_total_staked query_annualized_rewards query_withdrawable_rewards query_distributed_rewards query_undistributed_rewards
af494b2de86ada75f920f7f23a6715eb21cefd7cdaeb97c3e61a63eca3898fd5,3,initialize bond unbond create_distribution_flow distribute_rewards withdraw_rewards fund_distribution upgrade query_config query_admin query_staked query_total_staked query_annualized_rewards query_withdrawable_rewards query_distributed_rewards query_undistributed_rewards
b7356a2cb0da4badabe7f0c9995c0b43c1bb4cc59a1bb0c7ce12ffee7ca7ea0d,3,pool_type get_info get_pool share_id get_reserves get_tokens deposit swap estimate_swap withdraw get_liquidity get_liquidity_calculator set_liquidity_calculator version upgrade init_admin set_token_hash set_pool_hash set_stableswap_pool_hash configure_init_pool_payment set_reward_token get_rewards_config get_total_liquidity config_global_rewards fill_liquidity config_pool_rewards get_rewards_info get_user_reward claim init_pool init_standard_pool init_stableswap_pool get_pools add_custom_pool remove_pool set_pools_plane get_plane set_swap_router get_swap_router estimate_swap_routed swap_routed
ba796dc3d22b8fed3e39d2ad82794e805dcd8164917f6c8f7c4d37aab8c04872,3,initialize get_config set_admin get_admin propose_removal get_proposed_removal white_list_actions remove_action verify_protocols get_protocols verify_protocols_unordered handle_call_message verify_protocol_recovery get_modified_protocols set_upgrade_authority upgrade extend_ttl
baa8ad65a69fc90206e0ff7a18d5661fa26b78adc7f47773f84772fd9ab14cd4,3,last_op all_op sum sub mul div
bfb6dfeb972dc2e8e7d313c4aab55dfc07e28f046736adf3c1fc9a0d444630aa,3,__constructor create_defindex_vault create_defindex_vault_deposit set_new_admin set_defindex_receiver set_defindex_fee set_vault_wasm_hash admin defindex_receiver total_vaults get_vault_by_index defindex_fee vault_wasm_hash
c0d657eb5ad75d359babdc708dff6fd921d11f453a023828efd88157ce5ca392,3,initialize quote set_quote bond_id deposit withdraw total_deposit available_redemption set_total_redemption set_treasury admin set_admin maturity total_bonds treasury_account
c42898faa559da9b51a6f2495472f37624d26a9c749b0ffa1f2309b5b9980908,3,initialize create_wallet publish_wallet_version get_all_versions add_supported_platform get_is_smart_wallet get_is_smart_wallet_no_return get_wallet_by_username get_wallet_by_passkey upgrade
c8538bb792fa084c27b6e534d21fd0301bb736df2677492f915686dd5fc5ed93,3,init version upgrade create create_proposal vote_on_proposal execute_proposal add_join_bonus reclaim_join_bonus claim_join_bonus add_admin remove_admin add_delegate ban_member un_ban_member set_proposal_settings delete_dao delete_proposal migrate get_metadata get_dao get_all_dao get_dao_proposals get_all_proposal get_proposal get_proposal_voters get_proposal_user_group_info is_voted_proposal get_vote_type_proposal get_delegator get_delegatee get_ban get_my_address
ce3ade712ec251fb246a8d529e723f091a5e65809d10c13c146fa1fa289f862b,3,initialize bond unbond create_distribution_flow distribute_rewards withdraw_rewards fund_distribution query_config query_admin query_staked query_total_staked query_annualized_rewards query_withdrawable_rewards query_distributed_rewards query_undistributed_rewards update
cf1408e0866f8a2e2494a77fb5acc452d5f0212fbb39bba0c1aaff8811537247,3,init change_owner upgrade get_prices write_prices read_prices read_timestamp read_price_data_for_feed read_price_data check_price_data unique_signer_threshold
da47c2f450a4f9d538d86d600d55149afd39d6672fdd1f30c68ad5be21cadad8,3,swap
de6f3c0970598dff0d0a1c08ad18e722714760200c4034e081783916e0da3c0b,3,burn mint name symbol approve balance owner_of transfer burn_from get_owner token_uri get_approved get_token_id total_supply transfer_from __constructor approve_for_all accept_ownership get_owner_token_id renounce_ownership transfer_ownership is_approved_for_all
df457882add917ba1fbb52b57d8e11aa44b1d24a3a2f4b19ae6e148cee390c01,3,__constructor upgrade maintains change_admin add_operator remove_operator deposit_lp deposit_2_lp deposit withdraw bid_interest
e012b918bcceda17408bd6b023a3d025dc155620309c3198d40e175db44e3211,3,pool_type get_info get_pool share_id get_total_shares get_reserves deposit swap estimate_swap withdraw get_liquidity get_liquidity_calculator set_liquidity_calculator version commit_upgrade apply_upgrade revert_upgrade set_emergency_mode get_emergency_mode init_admin set_privileged_addrs get_privileged_addrs set_token_hash set_pool_hash set_stableswap_pool_hash configure_init_pool_payment get_init_pool_payment_token get_init_pool_payment_address get_stable_pool_payment_amount get_standard_pool_payment_amount set_reward_token set_reward_boost_config set_protocol_fee_fraction get_rewards_config get_tokens_for_reward get_total_liquidity config_global_rewards fill_liquidity config_pool_rewards get_rewards_info get_user_reward get_total_accumulated_reward get_total_configured_reward get_total_claimed_reward get_total_outstanding_reward distribute_outstanding_reward claim init_standard_pool init_stableswap_pool get_pools remove_pool get_tokens_sets_count get_tokens get_pools_for_tokens_range get_protocol_fee_fraction set_pools_plane get_plane swap_chained swap_chained_strict_receive commit_transfer_ownership apply_transfer_ownership revert_transfer_ownership get_future_address
e3b0c44298fc1c149afbf4c8996fb92427ae41e4649b934ca495991b7852b855,3,
e8249d0fe6de3fc175f9233d0d0059433465b4a57b4eff4cb7eea6332873688a,3,deploy_contract
eaee9ae3f850a36641a410684c7e83e6bf282bacbf3c47718e64f1e543e3b28a,3,__constructor update_dist exec worker harvest upgrade take_fee r_deposits_value vault_stats deposit withdraw
efa27e4ef8957d63ee69406c653bb57e569c7910c2b3eafdca2a598d4e2928dc,3,initialize set_contract_addrs set_storage_contract_addrs approve_borrower start_committed_credit refresh_credit trigger_default update_yield extend_remaining_period update_limit_and_commitment waive_late_fee close_credit upgrade is_default_ready
fae64abdaf5b92394828714563f3b5fc5d14b6a2964f5715c516490b9299c8a5,3,init upgrade update_address create_game predict execute withdraw
fd60e5f543f85bb4839e2d46e80159735aa79531c65d6658a9dae41d2ce1d50b,3,plant work harvest homestead upgrade pause unpause
02cb48c98188a65c324f74f53ca84e21fc7345c78cbff1a6282993db6056652f,2,new_stablecoin update_supply
02f389bad36c9d4aff7222567bdbdefdbefd10b15067296da860e2fe832e097f,2,initialize bump_instance write_admin read_admin write_resolution sources price_by_source prices_by_source lastprice_by_source get_internal_assets get_asset_as_u32 remove_assets remove_sources add_prices add_prices_light update_contract base assets decimals resolution price prices lastprice
03267ef89e2710ecfe58edd187267552ec6de07466b5eca7a07487f725c9ec9d,2,a get_virtual_price calc_token_amount get_dy remove_liquidity_imbalance calc_withdraw_one_coin withdraw_one_coin ramp_a stop_ramp_a commit_new_fee apply_new_fee revert_new_parameters commit_transfer_ownership apply_transfer_ownership revert_transfer_ownership admin_balances withdraw_admin_fees donate_admin_fees kill_deposit kill_swap kill_claim unkill_deposit unkill_swap unkill_claim get_is_killed_deposit get_is_killed_swap get_is_killed_claim initialize_all pool_type initialize get_fee_fraction get_admin_fee share_id get_total_shares get_reserves get_tokens deposit swap estimate_swap withdraw get_info version upgrade initialize_rewards_config set_rewards_config get_rewards_info get_user_reward get_total_accumulated_reward get_total_configured_reward get_total_claimed_reward claim init_pools_plane set_pools_plane get_pools_plane backfill_plane_data
03a8209b171dd688f626795f918fa9897dda9ceb249b162928ec674f050d18b9,2,initialize provide_liquidity swap withdraw_liquidity update_config upgrade query_config query_share_token_address query_stake_contract_address query_pool_info query_pool_info_for_factory simulate_swap simulate_reverse_swap query_share
06bcb0fa28a347af42416f1c0004a9df1a92690a82405e4a9170da16e1d36029,2,initialize get_config set_admin get_admin configure configure_rate_limit get_rate_limit reset_limit get_withdraw_limit calculate_limit deposit handle_call_message balance_of has_registry set_upgrade_authority upgrade extend_ttl
092cdb031b12340eec24fd45fbb112ee0dd7d542e8289485e81ba7f7c3e5d720,2,initialize release get_receiver_state get_all_receivers
0de2c4a2498aef4578c89688d1bbbe17fb88b8d4baab9b2966c9777fe898c352,2,a get_virtual_price calc_token_amount get_dy get_dx remove_liquidity_imbalance calc_withdraw_one_coin withdraw_one_coin set_privileged_addrs get_privileged_addrs ramp_a stop_ramp_a commit_new_fee apply_new_fee revert_new_parameters kill_deposit kill_swap kill_claim unkill_deposit unkill_swap unkill_claim get_is_killed_deposit get_is_killed_swap get_is_killed_claim set_protocol_fee_fraction get_protocol_fees claim_protocol_fees initialize_all pool_type initialize get_fee_fraction get_protocol_fee_fraction share_id get_total_shares get_reserves get_tokens get_decimals deposit swap estimate_swap swap_strict_receive estimate_swap_strict_receive withdraw get_info version commit_upgrade apply_upgrade revert_upgrade set_emergency_mode get_emergency_mode upgrade_token_legacy initialize_rewards_config initialize_boost_config set_reward_boost_config set_rewards_config get_unused_reward return_unused_reward get_rewards_info get_user_reward checkpoint_reward checkpoint_working_balance get_total_accumulated_reward get_total_configured_reward get_total_claimed_reward claim init_pools_plane set_pools_plane get_pools_plane backfill_plane_data commit_transfer_ownership apply_transfer_ownership revert_transfer_ownership get_future_address
0ffe7fe80297a04dbdcef53fbc20d0e46a34a4b8048dc995056f90dd6a65dd1a,2,initialize mint set_admin allowance approve balance transfer transfer_from burn burn_from decimals name symbol version upgrade
101f565a37cfbfaf608164eb7ea0a91cb0c2e46a5496ee9a5f7c153a378bdcfd,2,interchain_token_service execute_with_interchain_token gateway execute __constructor gas_service send send_token
10de69d099067e1eaa84fa0c9c25abf2a5154e0855d0b98de2b0d2ba76072222,2,initialize mint balance transfer decimals name symbol
1165332ae59e030b8caf145ad919c06413bd216f005914ab2d6256c8d5ca89d5,2,deposit withdraw run upgrade
18e7e1898af0d3473eccab72242b9bd595d720a01a5cdb927ca1e7632a7cc2f7,2,initialize distribute get_last_distro get_backstop queue_swap_backstop get_queued_swap cancel_swap_backstop swap_backstop drop
19daf24e05c35bceab03b4a7409ca9bb1d79528d115a43da7778a9544583bbec,2,create_stellar_asset_contract
1c6a81a7b0480b95752d2db3f4bc7b78d1e9d022a961bc1f92e2b0b16a7bd640,2,init get_core_state set_address set_fee upgrade set_panic set_next_key create_currency get_currency toggle_currency set_vault_conditions get_vaults_info calculate_deposit_ratio new_vault get_vault get_vault_from_key get_vaults increase_collateral withdraw_collateral increase_debt pay_debt redeem liquidate
1cbeb6949e21ccf2090abbe01465bac6a2994c2c17515e926e4c9f77efdaa94e,2,initialize create_campaign get_campaigns get_campaign donate_to_campaign get_donators get_dev_acc get_launchpad_acc get_admin
1db5cb6d47f1f053d7a8fbc63fc2cf0d2a2e27282909d64f99173db9a18c5d8a,2,__constructor schedule_rewards_config checkpoint_user claim get_user_reward get_reward_token get_reward_configs get_reward_config version contract_name upgrade
20d342f80a1f28e4f3eb0d1316126a8dbe34d1d5bd81606d8a0cd12f39ceaec7,2,initialize create_pool deposit withdraw set_admin get_receipt_token_id withdraw_unallocated_rewards
22203a01a98f930e2172884d7d88ee8e48baba7b43678bca10303b634817cca9,2,__constructor deploy index
232cf32920842876b76475b11ad97e2a4e3a7b25d921c8dbc3a4b1394d6113bf,2,initialize set_yield set_usdc set_pct set_token set_strat get_strat get_apy accrue set_s_exp set_s_cmp withdraw
25775cad37f1a196fc30cc06f4404012795dd8c97c3b253d54644a6e3f2b33c3,2,resolution price prices base decimals assets lastprice initialize
2582066901075891aba3916b629e3ea6d1c9bf7e67a1131b2b47fc0aedcf9fd2,2,set_rule delegated_payment
26665db2e3d379994887d18566f650a5337bc6a31b02f7141029af43398e1772,2,initialize bond unbond create_distribution_flow distribute_rewards withdraw_rewards add_lp_share query_config query_admin query_staked query_total_staked query_withdrawable_rewards update
26bab1c9b0a95f54a00182b6bb6da4d4b6769c0aed824fa30713e9779e39b4b9,2,initialize set_recipient authorize_debit get_allowance get_contract_address request_payment
26c7fdd50fcdb5b82dc325aa01a4428fe05b5da707e40b854b0cd51184ce49aa,2,initialize upgrade version balance spendable_balance authorized burn burn_from set_authorized mint clawback decimals name symbol total_supply
27ce1d1bf4270020e1799f12e647f5cbabda2b9eafd7202c43012a539986916b,2,send
281630003aaf9d0388dba0d34bc5207e6dbc5719755ee61a176d75f7e2c9c95e,2,admin_get admin_set redeploy init deploy_asset_contract get_asset_contract set_asset_contract set_existing_asset_contract
2d711642b726b04401627ca9fbac32f5c8530fb1903cc4db02258717921a4881,2,x
2dfbca052b6cc1291bcbd9c884b8f797319406b49a9616d2d18c6f122a8827b0,2,init get_attestation_duration get_mint_statistic set_attestation_duration update_pk update_costs get_prices get_owner transfer_ownership self_attest set_user_trust_score get_user upgrade
2e63d20b6323c675243424aee5d75c2a88bc27de07921334b64023fe4c96ac0c,2,initialize_all pool_type initialize share_id get_total_shares get_tokens deposit swap estimate_swap swap_strict_receive estimate_swap_strict_receive withdraw get_reserves get_fee_fraction get_protocol_fee_fraction get_info set_privileged_addrs get_privileged_addrs kill_deposit kill_swap kill_claim unkill_deposit unkill_swap unkill_claim get_is_killed_deposit get_is_killed_swap get_is_killed_claim set_protocol_fee_fraction get_protocol_fees claim_protocol_fees version commit_upgrade apply_upgrade revert_upgrade set_emergency_mode get_emergency_mode upgrade_token_legacy initialize_rewards_config initialize_boost_config set_reward_boost_config set_rewards_config get_unused_reward return_unused_reward get_rewards_info get_user_reward checkpoint_reward checkpoint_working_balance get_total_accumulated_reward get_total_configured_reward get_total_claimed_reward claim init_pools_plane set_pools_plane get_pools_plane backfill_plane_data commit_transfer_ownership apply_transfer_ownership revert_transfer_ownership get_future_address
2faa92677f30786a214e0362ba43362b15edfd65089b2d5c2779a64368f7c246,2,__constructor resolve upgrade
334f9df4be8caeb1d2c76a857c8776ed37d2303c2ec1e1b124d78f1ba5f4373d,2,__constructor total_supply balance allowance transfer transfer_from approve decimals name symbol burn burn_from mint paused pause unpause
34a6ddde912da368afb2826939eee62786f249beb4bd09b31303664198011a07,2,initialize upgrade version allowance approve balance spendable_balance authorized transfer transfer_from burn_from clawback set_authorized mint burn decimals name symbol total_supply transfer_on_liquidation transfer_underlying_to underlying_asset pool
354eb399163f38226f57f4b15276df3830ae41b403e45afbe79bcf0f63748700,2,initialize swap simulate_swap simulate_reverse_swap
3721a89327295dff8679da6d410bcb0cacd0afbaeda203a5de3109119beb8786,2,__constructor schedule_rewards_config checkpoint_user claim get_user_reward get_reward_token get_reward_config get_future_reward_config version upgrade
3ecfa76a9639188500906b8b5a6fc330997d93fff3e295a76df00fee0855e4cd,2,initialize mint claim_reward admin_claim_reward set_admin fail_kyc pass_kyc blacklist whitelist total_supply set_reward_rate set_reward_tick add_amm_address remove_amm_address get_reward allowance approve balance transfer transfer_from burn burn_from decimals name symbol
3f084279d9bc97cc294ea4c7d033232fb502eade2f29970f941646010aea2e44,2,initialize get_claimed get_deadline get_admin get_token set_distribution finalize set_admin claim refund
422dd7ccd922f0d01b22905176ae5a3e85fa98cd6cb787720399299e42bf14f2,2,initialize mint mint_to mint_for claim_tokens claim_token burn_remaining update_admin restart get_launchpad_info get_tokens_to_claim get_total_minted get_mint_list get_tokens_range version
4339c8ccf226dcffd47b25d51a2767c79fd4792d720d17392c259d16e1bceca6,2,__constructor oracles asset_configs max_age base decimals assets lastprice set_admin add_oracle add_asset add_base_asset
438f2989df3f7c49a51b7087f4977aa69687a4fcd97864aaa1605acc74dd9061,2,__constructor update_release_key open guard seal release_key steward update_steward bound_aid unbound_aid aid_of assigned_aid_of available_aid_of __check_auth
43d7622391202c66c6767f3f3e581e70a24d5bc88ff30474a824c050fc82aed1,2,initialize add_liquidity claim get_admin get_release_time sort_tokens pair_for get_reserves quote get_amount_out get_amount_in get_amounts_out get_amounts_in
44ec02bc01114226e9c23a148a101e5b29ee1812221b7fcf0b8ee25b303fc755,2,initialize set_admin set_upgrade_authority set_protocol_fee set_protocol_fee_handler set_default_connection send_call handle_message handle_error execute_call execute_rollback get_admin get_upgrade_authority get_network_address get_fee get_protocol_fee get_protocol_fee_handler get_default_connection verify_success upgrade extend_instance_storage
4685179c653234037c29d215e7b55ef2a571cc294ca423cfd9c477c267604a89,2,initialize set_manager set_recipient authorize_debit get_allowance request_payment
497848b614740b894825a257dbfec76335e15bc4220a88d6a204ca1558096bbe,2,set_admin upgrade setup funds_in funds_in_burn funds_out funds_out_mint withdraw_commission set_signer set_stable_commission_percent set_commission_collector extend_persistent get_commission_collector get_nonce get_signer get_stable_commission_percent get_total_commission get_commission_by_token test_version
49e066e812aa8d8d6218f68ae8f0b0b2ec540f2b802ece429dc695745439c951,2,deposit claim get_amount get_owners send_tokens deploy
4bb24efc9641afc5ded1ca77eabb6e2fcf062d2112ccd61bd8bd6acd89180bae,2,batch
4fb17e5f572b996e05a645d67e4173cdaed3b0e2d059877b1cfd0c969619c095,2,init_factory initialize
5074b194638928343333d8b2d37ca92ea97202c36e40e4a401ce2019400fed88,2,update_contract swap withdraw
53fb8c4102bc801d23f72e93fd8f2fab62a81511a0656ac5854e19510b84a377,2,init_admin update get version upgrade
544e3b0aad04da7334550d9aca6f9a3b7aa7551c64fffe2cda555e684491c2bc,2,__constructor get_admin transfer_funds
57c9567070b342b846dcf156f4ede8b508dbeee534d788d32ae0fa47f08df813,2,set_entry remove_entry remove_entries get_entry version init upgrade invest claim_earnings migrate_entries reset_index remove_zero_tvl_entries
5ab9a1a3953aeb7acb9ee733c62b18bf13f7a6ad9848bc68de0732df72d13641,2,__constructor add_validator remove_validator submit_tvl verify_tvl get_tvl_entry get_all_dates get_all_tvl_entries has_confirmed
644b9bd5f582d7ff76f72ae226d6f8e301d19ae129980f3716fa9ab049a8da2b,2,initialize create_liquidity_pool update_whitelisted_accounts query_pools query_pool_details query_all_pools_details query_for_pool_by_token_pair get_admin get_config query_user_portfolio
644d340927f0a1d489b239cd1f5aa50641cbe77a306a0e6cc46cc74dc005f0ce,2,init send_call_message handle_call_message add_connection get_sequence upgrade version
6a38caa32594a396f1369f7638cb4db6ce2fcdfd76a0a7001e376ce54d9d4e91,2,config set_fee trigger charge update_contract create_subscription deposit cancel get_subscription get_retention_fee last_id admin version fee token
6a55de145eb7d588aca2379e76e43f939bc6e779dee0786e0654aea54bf200a9,2,init update_allowance_expiration set_external_wallet update_max_tx_allowance reset_account update_master_contract deposit withdraw dapp_invoker approve spend get_token_list get_access_settings get_spender_allowances get_web_keys get_version get_allowance get_nonce get_balance get_external_wallet get_master_contract upgrade
6a62118d54160960ac55c4d88db6e011a53c9acaa107d173323d9733e04a6c88,2,save_operation sum sub mul div get_op all_op last_op
6a7c8ba7134b9a5215e215a8e8e367d43652d479cc378e8d9826af7118b244ea,2,s u w a
6ca944df01cc270610616230c8a98b99395e8888be90b1b3ef48a7a6c3c32837,2,initialize set_admin set_revenue_address lock clear_lock_data release
71ac1b0b72a1f1d005b3b28f77a34cc59ad827481dac64778ac320fe7694ae15,2,add_signer update_signer remove_signer update_contract_code __check_auth
7246ad8b65dc5451def195f89747cd4e37d9b216cf3c0c48a54f6211b070cc4b,2,gas_service chain_name its_hub_chain_name its_hub_address native_token_address interchain_token_wasm_hash token_manager_wasm_hash is_trusted_chain set_trusted_chain remove_trusted_chain interchain_token_id canonical_interchain_token_id linked_token_id interchain_token_address token_manager_address registered_token_address deployed_token_manager token_manager_type flow_limit flow_out_amount flow_in_amount set_flow_limit deploy_interchain_token deploy_remote_interchain_token register_canonical_token deploy_remote_canonical_token register_token_metadata register_custom_token link_token interchain_transfer transfer_token_admin __constructor operator transfer_operatorship owner transfer_ownership paused pause unpause version required_auths upgrade migrate gateway execute
73e284e0243724890d94e7bd3b83f5a10a0bf52a09213c85b97762e334d2c798,2,sum sub mul div add_op get_op all_op add_last_op last_op
73f5eab715e7d0c5ecc9794f4b137ed62abda2a8b70af1445fd68a5585b1365e,2,deposit claim
742c9f2869ab24a37bce7544e6b2baea84e5e220ecc05da85cfe912e8f661c93,2,initialize add_price admin_function get_cusip_prices get_all_cusips get_all_latest_prices
749d92cadd7703c22c52b61739f4ffb07fb91a0c6edf92eb57ea89a5720ff113,2,initialize mint mint_to mint_for claim_tokens claim_token burn_remaining update_admin get_launchpad_info get_tokens_to_claim get_total_minted get_mint_list get_tokens_range version
770d6738974309a87cf584ee824c706219bb511d2ceeed3ae5da061866c98260,2,initialize deposit withdraw_reward claim_project_token_reward stake_token retrieve_staked_tokens update_close_date get_progress
77f92caac884be296deef5df11c7ec802ed160860af3e67ef340e2ba59fbe619,2,init deposit withdraw_with_sig withdraw_with_account set_user_account test_sig swap_tokens get_nonce get_balance upgrade
785392f399e56b0d1e7348f06c15263d1e05c84d8672fb44576aef21394f85e1,2,__constructor set_privileged_addrs get_address get_address_safe get_addresses address_has_role assert_address_has_role version commit_upgrade apply_upgrade revert_upgrade set_emergency_mode get_emergency_mode commit_transfer_ownership apply_transfer_ownership revert_transfer_ownership get_future_address
79e2a8a165341a353ac423772100b4b6fe9a147588529c020dfa2fe4ad974ca9,2,__constructor add_asset set_oracles decimals lastprice set_admin upgrade
7fbb0fcd9a5c7bbfaca2fe1821d440deb8b75005ae3864a7f96bcd0e560ebabe,2,deploy_pool deploy_s_token deploy_debt_token
83bed52cd4469461487d7640756f04741ec53bbe6305581f778b17b0b12d1ec0,2,initialize add_new_level update_level mint_terry batch_mint_terry terry_balance mint transfer burn upgrade set_admin check_admin check_admin_address add_level add_to_whitelist remove_from_whitelist card exists admin_balance admin_state config create_metadata get_card create_user get_all_cards get_player_cards_with_state add_power_to_card read_user get_current_pot_state get_player_potential_reward get_historical_snapshot get_player_participation get_pending_rewards accumulate_pot claim_dogstar_fees release_dogstar_fees open_pot claim_haw_ai_pot_share view_claimable_balance view_vault_status claim_all_pending_rewards update_dogstar_fee_percentage contribute_to_pot get_eligible_players get_eligible_players_with_shares get_all_rounds stake increase_stake_power unstake read_stake read_stakes open_position close_position currency_price read_fight read_fights check_liquidation lend borrow repay withdraw get_current_apy read_lending read_borrowing read_borrowings read_lendings place replace remove_place read_deck
84935ed160f01bcfa4fc0af461aa430ba9cc49aaaa66363dbf6910c10b6a2f1e,2,initialize initialize_with_minter create_vesting_schedules claim burn mint update_minter update_minter_capacity query_balance query_vesting_info query_all_vesting_info query_token_info query_minter query_vesting_contract_balance query_available_to_claim update migrate_admin_key add_new_key_to_storage
874e271fa2067b0c754cfbff0ef5aa181378b72227855f4cd6406db60a179726,2,initialize set_admin approve unapprove mint transfer transfer_from burn burn_from admin balance name operator owner supply symbol token_uri
8755d5fe08dbe19a5a201fa6959069cfffc2ffeb446f8e45d9e5317012503231,2,initialize set_admin set_upgrade_authority set_protocol_fee set_protocol_fee_handler set_default_connection send_call handle_message handle_error execute_call execute_rollback get_admin get_upgrade_authority get_network_address get_fee get_protocol_fee get_protocol_fee_handler get_default_connection verify_success upgrade version extend_instance_storage
89f54beb34f24b25b09ca385ac18f4b03ff0483b7a10cc20f3681d35c9df05d9,2,__constructor initialize fund release_funds refund
8ab7dd7c311b2c63e88c5e158770edc5eb0d93434c2c3f8083f5386bab776f44,2,__constructor bond unbond create_distribution_flow distribute_rewards withdraw_rewards query_config query_admin query_staked query_total_staked query_withdrawable_rewards migrate_admin_key update
8df9d3f0ce5d91a3db1b8c25eff2171ebb9e499ae99363e62123d8d5215d1556,2,initialize swap simulate_swap simulate_reverse_swap update
8e0fa775008cc51ce953aed90f3f80783698de6e59deec08ad6e62707059e990,2,initialize_all pool_type initialize share_id get_total_shares get_tokens deposit swap estimate_swap withdraw get_reserves get_fee_fraction get_info version upgrade initialize_rewards_config set_rewards_config get_rewards_info get_user_reward get_total_accumulated_reward get_total_configured_reward get_total_claimed_reward claim set_pools_plane get_pools_plane backfill_plane_data
901382e626f5f30b583b7b676155f9262bcd37768073c2fffbffec4c42f114c4,2,initialize get_current_round set_current_round set_submissions get_submissions set_votes_for_submission get_votes_for_submission_round get_votes_for_submission tally_submission transfer_admin upgrade add_layer remove_layer update_layer get_layer get_neuron get_neuron_result_round get_neuron_result set_neuron_result get_layer_result calculate_voting_powers get_voting_powers get_neural_governance
9093ec87159932f1e8817834d8ebabe1fb4b71895f6ea0ad577414b260ed33de,2,initialize deposit withdraw swap_to_v_usd swap_from_v_usd claim_rewards set_fee_share adjust_total_lp_amount set_balance_ratio_min_bp stop_deposit start_deposit stop_withdraw start_withdraw set_stop_authority set_bridge set_admin set_admin_fee_share claim_admin_fee pending_reward get_pool get_admin get_stop_authority get_bridge get_user_deposit upgrade
916252fb8a3970ec57d21efbb6bef9fc2c2144473b0bfc8d6c2b75ae1cb1dc23,2,init upgrade update_tlds set_record update_address set_sub record parse_domain transfer burn_record
9456a25e6dc5c019e20dba35b141aefe7ba7c11f9be8869cf0435353cf8e449c,2,provide_liquidity swap withdraw_liquidity update_config upgrade query_config query_share_token_address query_stake_contract_address query_pool_info query_pool_info_for_factory simulate_swap simulate_reverse_swap query_share query_total_issued_lp migrate_admin_key propose_admin revoke_admin_change accept_admin query_admin __constructor query_version add_new_key_to_storage
957884083c1d62cbb1c080fe9032330cfe88d0b840ad767b190afa9331dc2662,2,init version upgrade create create_proposal vote_on_proposal execute_proposal add_join_bonus reclaim_join_bonus claim_join_bonus add_admin remove_admin add_delegate ban_member un_ban_member set_proposal_settings delete_dao delete_proposal get_metadata get_dao get_all_dao get_dao_proposals get_all_proposal get_proposal get_proposal_voters get_proposal_user_group_info is_voted_proposal get_vote_type_proposal get_delegator get_delegatee get_ban get_my_address
95d21cac0268794288aaab7c9cbfc8f40f377909e332c3739ca374927bcb9a8d,2,initialize set_admin update_pool queue_set_reserve cancel_set_reserve set_reserve get_positions submit bad_debt update_status set_status gulp_emissions set_emissions_config claim new_liquidation_auction get_auction new_bad_debt_auction new_interest_auction
976262036e7cfc013522c66c4e1dbf09e9ae902d419aed118a06ba668bbae401,2,initialize create_vesting_schedules claim query_balance query_vesting_info query_all_vesting_info query_token_info query_vesting_contract_balance query_available_to_claim update
9799dabba86afd3fb20d9475684cbe495d8f06d1295a0af0e1fae58035d43c6c,2,initialize transfer mint bulk_mint burn approve revoke approve_all revoke_all freeze_collection update_token_url update_collection_info upgrade extend_ttl_collection extend_ttl_item is_collection_frozen get_collection_info get_token_info get_tokens get_max_token_id get_token_count version
9a332d8fee52839705fbde4bb7e5cc26c72418482925b5e93c9e2380c54457a1,2,init get_core_state set_address set_fee upgrade set_panic set_lowest_key set_next_key create_currency get_currency toggle_currency set_vault_conditions get_vaults_info calculate_deposit_ratio new_vault get_vault get_vault_from_key get_vaults increase_collateral withdraw_collateral increase_debt pay_debt transfer_debt liquidate
9ab6354717e8cf95a37f0e214c3b07360508170a74cb089a25b70115c034c055,2,initialize transfer recv_message set_admin set_connection set_rate_limit set_hub_info get_admin get_connection get_rate_limit get_hub_chain_id get_hub_asset_manager upgrade
9be9f90b7275c6bc213412397b3d51545f78ca2d4c24beb9e916d24444619718,2,initialize set_owner accept_ownership get_admin write_asset_support check_asset_support set_execution_facility disable_execution_facility reactivate_execution_facility get_active_facilities get_execution_facility is_execution_facility set_facility_fee get_facility_fee set_facility_receiver get_facility_receiver set_facility_admin get_facility_admin buy_limit sell_limit buy_otc sell_otc buy_market sell_market cur_order get_order get_opened fill match_and_fill cancel_order
9e647e03484f6c48a73a4f2a8110e320dd4e943d9068f30ea9bc1d0a6fe3c07a,2,upgrade set_difficulty find mine stake un_stake fkin_nuke_it
9e677292994d724f72384bbb33626fc744489cc0af563926f9192f75e588ab1b,2,initialize bond unbond create_distribution_flow distribute_rewards withdraw_rewards query_config query_admin query_staked query_total_staked query_withdrawable_rewards migration_query update
9ed7b8618a340f3c72f9987310dfc9fdff51ddec1b89ad06e67fccffc14181ed,2,__constructor set_admin upgrade harvest
9fae9f525aafee0191b3417dc199b1e73ff5304af8a63ba4c1302f1a5494bc31,2,__constructor set_metadata_uri get_max_supply only_owner set_token_data get_token_data mint_with_data mint get_token_metadata get_owner_tokens bulk_transfer balance owner_of transfer transfer_from approve approve_for_all get_approved is_approved_for_all token_uri name symbol total_supply get_owner_token_id get_token_id burn burn_from
a0a331a628edb243b363eda87d9b84b1770044a4bc0d37b03cdbda9379813d70,2,balance_of owner_of transfer_from approve set_approval_for_all get_approved is_approval_for_all name symbol token_uri total_supply token_by_index token_of_owner_by_index initialize admin set_admin mint
a157a1dae7c9f298fb134eff56b647cbf73e8991168c18d5cbf80e8e79a3ca57,2,set_data set_price set_price_stable base assets decimals resolution price prices lastprice
a1ca7022dc7bf7545b67ed44d4b6b592c9fcd9fc7621d7d7683e4f6a4e2b4620,2,init get_attestation_duration get_mint_statistic set_attestation_duration update_pk update_costs get_prices get_owner transfer_ownership self_attest set_user_trust_score get_user upgrade update_xlm withdraw migrate
a263589f15f599fbdd20bcb173e0913bf00bd23c5454a550a9591f708685b261,2,set_entry remove_entry get_entry version init upgrade invest distribute_payout
a39470b8dd1e713fd33ccfa150854f0f086330142f410456b6e44770bd192a8a,2,initialize deploy is_pool
a802270f222ad7c5707cc7903447e2efa34cb94224efbfebf77075b440c9f402,2,initialize version upgrade update_state set_payment_token set_currency create_listing add_listing_shares update_listing get_listing get_all_listings get_listing_count update_listing_count remove_listing change_listing_status get_listing_current_price get_usdc_amount get_usdc_price rent purchase purchase_and_confirm purchase_shares confirm_receipt cancel_sale_or_rental reclaim_or_return
a8fffad276232f8968982a28b793a88e1b02b8a7f6fb96e999d70f7b9e0bb4f8,2,initialize create_smart_wallet add_supported_platform get_is_smart_wallet get_wallet_by_username get_wallet_by_passkey upgrade
a98f4883f92fc588481db2565b65cd656ac3802cdacf6b0278ce997744411a2c,2,initialize pause resume change_nft_admin change_payment_token lease rent end_lease end_rent claim_token upgrade get_lease get_all_listed get_leased_by_user get_rented_by_user has_lease get_admin get_payment_token
a997a885589055091418adf6c8f56fe308a579f079ce16ef26ed54482781e186,2,trade __constructor upgrade add_vegetables remove_vegetables grow_shelf_space shrink_shelf_space open close
ac95ac109e1fb614d2f1683f743c06ee1df031fd039448a713bafc15dee252ff,2,initialize create_campaign get_campaigns get_campaign donate_to_campaign get_donators get_dev_acc get_launchpad_acc get_arty_token get_token_admin
b1e28cf3df6330365e6e786c26d8dd371924735464082e3f1bc05fda0031da42,2,initialize quote set_quote bond_id deposit withdraw total_deposit deposit_limit set_deposit_limit set_treasury admin set_admin maturity total_bonds treasury_account
b365d2a460265d3d303d692eca479f8bafbd0e6a1870cab3065a3627b4c2e3f6,2,initialize mint add_minter remove_minter burn transfer_from owner_of set_base_uri get_base_uri get_token_uri
b53ddafab0aedd9d1bd3047044560be7856f022afed58f7732100caca2dbeb89,2,init_admin version upgrade
b56292b1a3e5cd0cede017dd1fc6c58958af420f3120d85a00b0e384b1cda687,2,set_entry get_entry version init upgrade invest distribute_payout distribute_payouts migrate_data_to_persistent
bb5b88f824f0ceeb49a335948bd33cb6cf8c0239284f407ae4e70ba387bbd8d3,2,init change_admin upgrade get_prices write_prices read_prices read_timestamp read_price_data_for_feed read_price_data unique_signer_threshold
bbc81c5d84039738e126aefd6f53abbdc50cfc841945e47f8e89b245017de62f,2,upgrade find mine stake un_stake fkin_nuke_it
c004ed9b3d0eef5b38f3665a94c4bf174f9b2a63abd63330304970cbbdcb6b84,2,plant work harvest homestead upgrade pause unpause remove_block
c0eea257ce894b1454ca32e0de5da0cb163fbcee83d91945dbe5ff4b84d3ad9d,2,initialize provide_liquidity swap withdraw_liquidity update_config upgrade query_config query_share_token_address query_stake_contract_address query_pool_info query_pool_info_for_factory simulate_swap simulate_reverse_swap query_share query_total_issued_lp reset_pool_ratio update
c412a561c22715c905bcc2640a8769433eb0750af95f2743c3c1575879afcfb1,2,upgrade set_config register new_voting vote exec claim
c41d6ea9160e9b5d405ce27e6093249c4d651896262e6a7b0bc4fa2aa090527b,2,upgrade __constructor
c6fa16e9afc8c83b1740a36c7663b3cbaf9e68276468063d388cdea503ee6266,2,__constructor update upgrade __check_auth deposit withdraw resolve
cadcd878a1d0d1f89ff0555ba38823d6233be5683306137617feabf7b3a51884,2,__constructor lock unlock extend_ttl
cfb4150627f365406608933e85b50b4e5afe42637840ab730d62a53b609f09fc,2,__constructor get_premium_price_coefficient get_fee_nominator estimate_buy buy estimate_sell sell fee_collected admin_withdraw_fee promote_to_amm claim_premium get_system_premium_available get_creator_premium_available get_distribute_premium_available get_buyer_premium_available is_promoted liquidity_pool kill_swap unkill_swap kill_promote unkill_promote get_supply_token get_supply get_reserve_token get_reserve collected collected_base collected_premium get_creator_premium_on_promote get_creator_premium_no_promote get_buyer_premium_no_promote collected_premium_expire_at collected_threshold get_is_killed_swap get_is_killed_promote get_swap_pool get_created_at version commit_upgrade apply_upgrade revert_upgrade
d00946c908ffd7da1baf3bf8b5c52f5e122ab3c4a013f356fb4315d6229b4029,2,initialize set_contract_addrs add_approved_lender remove_approved_lender make_initial_deposit deposit add_redemption_request cancel_redemption_request disburse withdraw_after_pool_closure execute_redemption_summary upgrade get_latest_redemption_record get_epoch_redemption_summary get_redemption_record total_supply total_assets total_assets_of convert_to_shares convert_to_assets is_approved_lender approve transfer transfer_from burn burn_from allowance balance decimals name symbol
d06223194fb0275254f056090c19f35d7f6a3c69c105c055840902d9eddd41a5,2,initialize deploy_new_multisig
d3c74b104acb4b4a8ad3cf2ae48211cc098cabe8fe29f04652574580e95cb7fd,2,__constructor deploy initialize_escrow fund_escrow release_milestone_funds update_escrow get_escrow get_escrow_by_contract_id get_multiple_escrow_balances change_milestone_status approve_milestone resolve_milestone_dispute dispute_milestone
d6a7d750ca212ceeaa3c73700e43414e8172d5f58c31e3b386b5fcd04698dfb1,2,initialize get_bootstrap get_next_id get_deposit bootstrap join exit close claim refund
d776869ad48e0f0b35c104fa543504f9d494ba609efa76871e4ce59fcf7f77be,2,initialize deposit queue_withdrawal dequeue_withdrawal withdraw user_balance pool_data backstop_token gulp_emissions add_reward gulp_pool_emissions claim drop draw donate update_tkn_val
d9cd560fcf1875e82a4367ed9e615ce3e19b8c37d90174f413911f8aa385133d,2,__constructor deploy initialize_escrow fund_escrow release_funds update_escrow get_escrow get_escrow_by_contract_id get_multiple_escrow_balances change_milestone_status approve_milestone resolve_dispute dispute_escrow
dc4f3a4f7d4a28c2b6b991f46514d09fac85f1ecfaee0e42907e54cf645eb077,2,store_data_deb get_data delete_data
dd214b4bc9dc3d100a44450d4c081e580c2e316f1fbe7be6d575d3938afb024b,2,__constructor upgrade set_price mint_salad set_base_uri base_uri decimals burn burn_from balance owner_of approve get_approved approve_all is_approved_all transfer transfer_from name symbol token_uri
dd61703e29b4a327b40aca71bf6e24f47132ee1a1b354efa2795bbd5766825d6,2,healthcheck initialize is_admin total_dist usr_dist unq_user dist_map
df0c254cd455d17ce53dd9793beeac0a340b3c62c5fcf703ebb2a1ddac028b49,2,init deposit release
dfae014a06e8cfbf152a9fc9819ea09fb28fccecebbf61506ef25537418afc3f,2,__constructor deploy deploy_idempotent upload_and_deploy get_deployed_address has_role get_role_member_count get_role_member get_role_admin get_admin grant_role revoke_role renounce_role renounce_admin transfer_admin_role accept_admin_transfer set_role_admin
dfcd5a4bf4b4f32f2e6a1539068adc6502aba73c8658a1f8049d52c2da2d0631,2,initialize_all pool_type initialize share_id get_total_shares get_tokens deposit swap estimate_swap withdraw get_reserves get_fee_fraction get_info initialize_rewards_config set_rewards_config get_rewards_info get_user_reward get_total_accumulated_reward get_total_configured_reward get_total_claimed_reward claim set_pools_plane get_pools_plane
e00d1a5864f6c8f778688a7a14e0b60323328c59f172244c4e7a94e5f2c920d5,2,initialize deposit withdraw swap claim_rewards claim_admin_fee set_admin set_admin_fee_share set_fee_share pending_reward get_pool get_user_deposit get_d get_receive_amount get_send_amount get_withdraw_amount get_deposit_amount get_admin upgrade
e155dcf99657dc49cbf00c29b374d0a98eb8d932645e2ea45f2a8c4b03f4bbe9,2,set_entry remove_entry get_entry version init upgrade invest claim_earnings
e1ceaf9a69accf35ab38115dad5bcdffd9b1e3ab79bb3879785dbf8e47d064a0,2,__constructor update upgrade __check_auth deposit resolve
e1eff0519a3ab69c4876afbde84ee07133782051b11df36850e34f41ad673c47,2,initialize deposit withdraw balance
e47294104227e1c32e1af385284fc8063b703868f9387ae553f5a28ed4f0fa1b,2,a get_virtual_price calc_token_amount get_dy remove_liquidity_imbalance calc_withdraw_one_coin withdraw_one_coin ramp_a stop_ramp_a commit_new_fee apply_new_fee revert_new_parameters commit_transfer_ownership apply_transfer_ownership revert_transfer_ownership admin_balances withdraw_admin_fees donate_admin_fees kill_me unkill_me initialize_all pool_type initialize get_fee_fraction get_admin_fee share_id get_total_shares get_reserves get_tokens deposit swap estimate_swap withdraw get_info version upgrade initialize_rewards_config set_rewards_config get_rewards_info get_user_reward get_total_accumulated_reward get_total_configured_reward get_total_claimed_reward claim set_pools_plane get_pools_plane
e9010cbd89ca61480d2eb3577024415ce333d1a592800353f4228d3849303d61,2,deploy get_immutables_hash withdraw cancel public_withdraw get_state get_immutables
e98e2749d94d599c2d61249cf3003d335fe463a3f575ea941884c1f8d25ce951,2,init update_allowance_expiration set_owner_address reset_bls_key update_master_contract update_dapp_router_contract deposit withdraw dapp_invoker approve spend get_token_list get_spender_allowances get_web_keys get_allowance get_nonce get_balance upgrade
eadc016c12762aa54bd8fd3b8daa8731367f15d328f3962f2b8c10143b56f400,2,__constructor batch_mint balance owner_of transfer transfer_from approve approve_for_all get_approved is_approved_for_all name symbol token_uri burn burn_from
ebfbdb388e1d1b3dea247f03bb004adef79f37667d278239186428b04975f451,2,__constructor add_stablecoin increase_supply decrease_supply claim keep_peg set_pegkeeper set_admin upgrade
ee1d42563d56db6ffe43f9e9d15b04c453451a81d5e2d61acf1c27c004cf4d7b,2,__constructor admin set_admin ext_token loan_contract set_loan_contract set_loan_status amount parent owner vc loan_status get_all_owned is_disabled transfer mint_original burn split redeem check_paid check_expired recipient sign_off reject pay_off add_vc
ee7624fc4258388fda00bd222285b66b33fa3e3912ed2cb8d8779821a9592e1c,2,__constructor harvest plant work
f18b584672550a61592ee8b00154f13de99a052f2bcda7a6d65e117e718c2644,2,initialize create_liquidity_pool update_whitelisted_accounts update_wasm_hashes query_pools query_pool_details query_all_pools_details query_for_pool_by_token_pair get_admin get_config query_user_portfolio update
f36bce1bd66025b94a8f6c510f7649070daf55edfeee3b0aa6d3c64bae89dba4,2,initialize create_liquidity_pool create_liquidity_pool_v2 update_whitelisted_accounts update_wasm_hashes query_pools query_pool_details query_all_pools_details query_for_pool_by_token_pair get_admin get_config query_user_portfolio remove_pool update
f605625f19547099d1c357a45b2da334a208502329f51d71170f065e87e3de3f,2,initialize get_admin set_admin get_upgrade_authority set_upgrade_authority set_relayer send_message recv_message_with_signatures set_fee claim_fees update_validators get_validators_threshold set_validators_threshold get_validators get_relayer get_fee get_receipt upgrade extend_instance_storage
f9ee01066578bb3c379142bc3f2784e0fb804ac3a55cd1ef98cfe21237213438,2,add_operation sum sub mul div last_op get_op all_op
fbeac541c04c8f73b7992ae8ddf08b1056beb90ca9e74b23d0ecd54282f26064,2,init update_contract swap withdraw
fde84527fba3c2ce4979ba34dcbce62802ffc7a04e1e1da6d97ac548411b8cc8,2,swap_exact_soroswap setup_soroswap_id get_pair_router_soroswap get_soroswap_id upgrade
Total specs,1516,
Unique specs,759,
